Iteración,Entradas_X1,Entradas_X2,Pesos iniciales_W1,Pesos iniciales_W2,Yr,Yd,Error,Pesos finales_W1,Pesos finales_W2
1,0,0,0.3483,0.6296,0,0,0,0.3483,0.6296
1,0,1,0.3483,0.6296,1,0,-1,0.3483,0.1296
1,1,0,0.3483,0.1296,0,0,0,0.3483,0.1296
1,1,1,0.3483,0.1296,0,1,1,0.8483,0.6296
2,0,0,0.8483,0.6296,0,0,0,0.8483,0.6296
2,0,1,0.8483,0.6296,1,0,-1,0.8483,0.1296
2,1,0,0.8483,0.1296,0,0,0,0.8483,0.1296
2,1,1,0.8483,0.1296,0,1,1,1.3483,0.6296
3,0,0,1.3483,0.6296,0,0,0,1.3483,0.6296
3,0,1,1.3483,0.6296,1,0,-1,1.3483,0.1296
3,1,0,1.3483,0.1296,1,0,-1,0.8483,0.1296
3,1,1,0.8483,0.1296,0,1,1,1.3483,0.6296
4,0,0,1.3483,0.6296,0,0,0,1.3483,0.6296
4,0,1,1.3483,0.6296,0,0,0,1.3483,0.6296
4,1,0,1.3483,0.6296,1,0,-1,0.8483,0.6296
4,1,1,0.8483,0.6296,0,1,1,1.3483,1.1296
5,0,0,1.3483,1.1296,0,0,0,1.3483,1.1296
5,0,1,1.3483,1.1296,1,0,-1,1.3483,0.6296
5,1,0,1.3483,0.6296,0,0,0,1.3483,0.6296
5,1,1,1.3483,0.6296,1,1,0,1.3483,0.6296
6,0,0,1.3483,0.6296,0,0,0,1.3483,0.6296
6,0,1,1.3483,0.6296,0,0,0,1.3483,0.6296
6,1,0,1.3483,0.6296,0,0,0,1.3483,0.6296
6,1,1,1.3483,0.6296,1,1,0,1.3483,0.6296
Iteración,Entradas_X1,Entradas_X2,Pesos_iniciales_W1,Pesos_iniciales_W2,Yr,Yd,Error,Pesos_finales_W1,Pesos_finales_W2
1,0,0,0.7532,0.1451,0,0,0,0.7532,0.1451
1,0,1,0.7532,0.1451,0,1,1,0.7532,0.2451
1,1,0,0.7532,0.2451,0,1,1,0.8532,0.2451
1,1,1,0.8532,0.2451,1,1,0,0.8532,0.2451
2,0,0,0.8532,0.2451,0,0,0,0.8532,0.2451
2,0,1,0.8532,0.2451,0,1,1,0.8532,0.3451
2,1,0,0.8532,0.3451,1,1,0,0.8532,0.3451
2,1,1,0.8532,0.3451,1,1,0,0.8532,0.3451
3,0,0,0.8532,0.3451,0,0,0,0.8532,0.3451
3,0,1,0.8532,0.3451,0,1,1,0.8532,0.4451
3,1,0,0.8532,0.4451,1,1,0,0.8532,0.4451
3,1,1,0.8532,0.4451,1,1,0,0.8532,0.4451
4,0,0,0.8532,0.4451,0,0,0,0.8532,0.4451
4,0,1,0.8532,0.4451,0,1,1,0.8532,0.5451
4,1,0,0.8532,0.5451,1,1,0,0.8532,0.5451
4,1,1,0.8532,0.5451,1,1,0,0.8532,0.5451
5,0,0,0.8532,0.5451,0,0,0,0.8532,0.5451
5,0,1,0.8532,0.5451,1,1,0,0.8532,0.5451
5,1,0,0.8532,0.5451,1,1,0,0.8532,0.5451
5,1,1,0.8532,0.5451,1,1,0,0.8532,0.5451
Iteración,Entradas_X1,Entradas_X2,Pesos iniciales_W1,Pesos iniciales_W2,Yr,Yd,Error,Pesos finales_W1,Pesos finales_W2
1,0,0,0.7987,0.1107,0,0,0,0.7987,0.1107
1,0,1,0.7987,0.1107,0,1,1,0.7987,1.0107
1,1,0,0.7987,1.0107,1,1,0,0.7987,1.0107
1,1,1,0.7987,1.0107,1,0,-1,-0.1013,0.1107
2,0,0,-0.1013,0.1107,0,0,0,-0.1013,0.1107
2,0,1,-0.1013,0.1107,0,1,1,-0.1013,1.0107
2,1,0,-0.1013,1.0107,0,1,1,0.7987,1.0107
2,1,1,0.7987,1.0107,1,0,-1,-0.1013,0.1107
3,0,0,-0.1013,0.1107,0,0,0,-0.1013,0.1107
3,0,1,-0.1013,0.1107,0,1,1,-0.1013,1.0107
3,1,0,-0.1013,1.0107,1,1,0,-0.1013,1.0107
3,1,1,-0.1013,1.0107,1,0,-1,-1.0013,0.1107
4,0,0,-1.0013,0.1107,0,0,0,-1.0013,0.1107
4,0,1,-1.0013,0.1107,0,1,1,-1.0013,1.0107
4,1,0,-1.0013,1.0107,0,1,1,-0.1013,1.0107
4,1,1,-0.1013,1.0107,1,0,-1,-1.0013,0.1107
5,0,0,-1.0013,0.1107,1,0,-1,-1.0013,0.1107
5,0,1,-1.0013,0.1107,0,1,1,-1.0013,1.0107
5,1,0,-1.0013,1.0107,0,1,1,-0.1013,1.0107
5,1,1,-0.1013,1.0107,1,0,-1,-1.0013,0.1107
6,0,0,-1.0013,0.1107,1,0,-1,-1.0013,0.1107
6,0,1,-1.0013,0.1107,0,1,1,-1.0013,1.0107
6,1,0,-1.0013,1.0107,0,1,1,-0.1013,1.0107
6,1,1,-0.1013,1.0107,1,0,-1,-1.0013,0.1107
7,0,0,-1.0013,0.1107,1,0,-1,-1.0013,0.1107
7,0,1,-1.0013,0.1107,0,1,1,-1.0013,1.0107
7,1,0,-1.0013,1.0107,0,1,1,-0.1013,1.0107
7,1,1,-0.1013,1.0107,1,0,-1,-1.0013,0.1107
8,0,0,-1.0013,0.1107,1,0,-1,-1.0013,0.1107
8,0,1,-1.0013,0.1107,0,1,1,-1.0013,1.0107
8,1,0,-1.0013,1.0107,0,1,1,-0.1013,1.0107
8,1,1,-0.1013,1.0107,1,0,-1,-1.0013,0.1107
9,0,0,-1.0013,0.1107,1,0,-1,-1.0013,0.1107
9,0,1,-1.0013,0.1107,0,1,1,-1.0013,1.0107
9,1,0,-1.0013,1.0107,0,1,1,-0.1013,1.0107
9,1,1,-0.1013,1.0107,1,0,-1,-1.0013,0.1107
10,0,0,-1.0013,0.1107,1,0,-1,-1.0013,0.1107
10,0,1,-1.0013,0.1107,0,1,1,-1.0013,1.0107
10,1,0,-1.0013,1.0107,0,1,1,-0.1013,1.0107
10,1,1,-0.1013,1.0107,1,0,-1,-1.0013,0.1107
11,0,0,-1.0013,0.1107,1,0,-1,-1.0013,0.1107
11,0,1,-1.0013,0.1107,0,1,1,-1.0013,1.0107
11,1,0,-1.0013,1.0107,0,1,1,-0.1013,1.0107
11,1,1,-0.1013,1.0107,1,0,-1,-1.0013,0.1107
12,0,0,-1.0013,0.1107,1,0,-1,-1.0013,0.1107
12,0,1,-1.0013,0.1107,0,1,1,-1.0013,1.0107
12,1,0,-1.0013,1.0107,0,1,1,-0.1013,1.0107
12,1,1,-0.1013,1.0107,1,0,-1,-1.0013,0.1107
13,0,0,-1.0013,0.1107,1,0,-1,-1.0013,0.1107
13,0,1,-1.0013,0.1107,0,1,1,-1.0013,1.0107
13,1,0,-1.0013,1.0107,0,1,1,-0.1013,1.0107
13,1,1,-0.1013,1.0107,1,0,-1,-1.0013,0.1107
14,0,0,-1.0013,0.1107,1,0,-1,-1.0013,0.1107
14,0,1,-1.0013,0.1107,0,1,1,-1.0013,1.0107
14,1,0,-1.0013,1.0107,0,1,1,-0.1013,1.0107
14,1,1,-0.1013,1.0107,1,0,-1,-1.0013,0.1107
15,0,0,-1.0013,0.1107,1,0,-1,-1.0013,0.1107
15,0,1,-1.0013,0.1107,0,1,1,-1.0013,1.0107
15,1,0,-1.0013,1.0107,0,1,1,-0.1013,1.0107
15,1,1,-0.1013,1.0107,1,0,-1,-1.0013,0.1107
16,0,0,-1.0013,0.1107,1,0,-1,-1.0013,0.1107
16,0,1,-1.0013,0.1107,0,1,1,-1.0013,1.0107
16,1,0,-1.0013,1.0107,0,1,1,-0.1013,1.0107
16,1,1,-0.1013,1.0107,1,0,-1,-1.0013,0.1107
17,0,0,-1.0013,0.1107,1,0,-1,-1.0013,0.1107
17,0,1,-1.0013,0.1107,0,1,1,-1.0013,1.0107
17,1,0,-1.0013,1.0107,0,1,1,-0.1013,1.0107
17,1,1,-0.1013,1.0107,1,0,-1,-1.0013,0.1107
18,0,0,-1.0013,0.1107,1,0,-1,-1.0013,0.1107
18,0,1,-1.0013,0.1107,0,1,1,-1.0013,1.0107
18,1,0,-1.0013,1.0107,0,1,1,-0.1013,1.0107
18,1,1,-0.1013,1.0107,1,0,-1,-1.0013,0.1107
19,0,0,-1.0013,0.1107,1,0,-1,-1.0013,0.1107
19,0,1,-1.0013,0.1107,0,1,1,-1.0013,1.0107
19,1,0,-1.0013,1.0107,0,1,1,-0.1013,1.0107
19,1,1,-0.1013,1.0107,1,0,-1,-1.0013,0.1107
20,0,0,-1.0013,0.1107,1,0,-1,-1.0013,0.1107
20,0,1,-1.0013,0.1107,0,1,1,-1.0013,1.0107
20,1,0,-1.0013,1.0107,0,1,1,-0.1013,1.0107
20,1,1,-0.1013,1.0107,1,0,-1,-1.0013,0.1107
21,0,0,-1.0013,0.1107,1,0,-1,-1.0013,0.1107
21,0,1,-1.0013,0.1107,0,1,1,-1.0013,1.0107
21,1,0,-1.0013,1.0107,0,1,1,-0.1013,1.0107
21,1,1,-0.1013,1.0107,1,0,-1,-1.0013,0.1107
22,0,0,-1.0013,0.1107,1,0,-1,-1.0013,0.1107
22,0,1,-1.0013,0.1107,0,1,1,-1.0013,1.0107
22,1,0,-1.0013,1.0107,0,1,1,-0.1013,1.0107
22,1,1,-0.1013,1.0107,1,0,-1,-1.0013,0.1107
23,0,0,-1.0013,0.1107,1,0,-1,-1.0013,0.1107
23,0,1,-1.0013,0.1107,0,1,1,-1.0013,1.0107
23,1,0,-1.0013,1.0107,0,1,1,-0.1013,1.0107
23,1,1,-0.1013,1.0107,1,0,-1,-1.0013,0.1107
24,0,0,-1.0013,0.1107,1,0,-1,-1.0013,0.1107
24,0,1,-1.0013,0.1107,0,1,1,-1.0013,1.0107
24,1,0,-1.0013,1.0107,0,1,1,-0.1013,1.0107
24,1,1,-0.1013,1.0107,1,0,-1,-1.0013,0.1107
25,0,0,-1.0013,0.1107,1,0,-1,-1.0013,0.1107
25,0,1,-1.0013,0.1107,0,1,1,-1.0013,1.0107
25,1,0,-1.0013,1.0107,0,1,1,-0.1013,1.0107
25,1,1,-0.1013,1.0107,1,0,-1,-1.0013,0.1107
26,0,0,-1.0013,0.1107,1,0,-1,-1.0013,0.1107
26,0,1,-1.0013,0.1107,0,1,1,-1.0013,1.0107
26,1,0,-1.0013,1.0107,0,1,1,-0.1013,1.0107
26,1,1,-0.1013,1.0107,1,0,-1,-1.0013,0.1107
27,0,0,-1.0013,0.1107,1,0,-1,-1.0013,0.1107
27,0,1,-1.0013,0.1107,0,1,1,-1.0013,1.0107
27,1,0,-1.0013,1.0107,0,1,1,-0.1013,1.0107
27,1,1,-0.1013,1.0107,1,0,-1,-1.0013,0.1107
28,0,0,-1.0013,0.1107,1,0,-1,-1.0013,0.1107
28,0,1,-1.0013,0.1107,0,1,1,-1.0013,1.0107
28,1,0,-1.0013,1.0107,0,1,1,-0.1013,1.0107
28,1,1,-0.1013,1.0107,1,0,-1,-1.0013,0.1107
29,0,0,-1.0013,0.1107,1,0,-1,-1.0013,0.1107
29,0,1,-1.0013,0.1107,0,1,1,-1.0013,1.0107
29,1,0,-1.0013,1.0107,0,1,1,-0.1013,1.0107
29,1,1,-0.1013,1.0107,1,0,-1,-1.0013,0.1107
30,0,0,-1.0013,0.1107,1,0,-1,-1.0013,0.1107
30,0,1,-1.0013,0.1107,0,1,1,-1.0013,1.0107
30,1,0,-1.0013,1.0107,0,1,1,-0.1013,1.0107
30,1,1,-0.1013,1.0107,1,0,-1,-1.0013,0.1107
31,0,0,-1.0013,0.1107,1,0,-1,-1.0013,0.1107
31,0,1,-1.0013,0.1107,0,1,1,-1.0013,1.0107
31,1,0,-1.0013,1.0107,0,1,1,-0.1013,1.0107
31,1,1,-0.1013,1.0107,1,0,-1,-1.0013,0.1107
32,0,0,-1.0013,0.1107,1,0,-1,-1.0013,0.1107
32,0,1,-1.0013,0.1107,0,1,1,-1.0013,1.0107
32,1,0,-1.0013,1.0107,0,1,1,-0.1013,1.0107
32,1,1,-0.1013,1.0107,1,0,-1,-1.0013,0.1107
33,0,0,-1.0013,0.1107,1,0,-1,-1.0013,0.1107
33,0,1,-1.0013,0.1107,0,1,1,-1.0013,1.0107
33,1,0,-1.0013,1.0107,0,1,1,-0.1013,1.0107
33,1,1,-0.1013,1.0107,1,0,-1,-1.0013,0.1107
34,0,0,-1.0013,0.1107,1,0,-1,-1.0013,0.1107
34,0,1,-1.0013,0.1107,0,1,1,-1.0013,1.0107
34,1,0,-1.0013,1.0107,0,1,1,-0.1013,1.0107
34,1,1,-0.1013,1.0107,1,0,-1,-1.0013,0.1107
35,0,0,-1.0013,0.1107,1,0,-1,-1.0013,0.1107
35,0,1,-1.0013,0.1107,0,1,1,-1.0013,1.0107
35,1,0,-1.0013,1.0107,0,1,1,-0.1013,1.0107
35,1,1,-0.1013,1.0107,1,0,-1,-1.0013,0.1107
36,0,0,-1.0013,0.1107,1,0,-1,-1.0013,0.1107
36,0,1,-1.0013,0.1107,0,1,1,-1.0013,1.0107
36,1,0,-1.0013,1.0107,0,1,1,-0.1013,1.0107
36,1,1,-0.1013,1.0107,1,0,-1,-1.0013,0.1107
37,0,0,-1.0013,0.1107,1,0,-1,-1.0013,0.1107
37,0,1,-1.0013,0.1107,0,1,1,-1.0013,1.0107
37,1,0,-1.0013,1.0107,0,1,1,-0.1013,1.0107
37,1,1,-0.1013,1.0107,1,0,-1,-1.0013,0.1107
38,0,0,-1.0013,0.1107,1,0,-1,-1.0013,0.1107
38,0,1,-1.0013,0.1107,0,1,1,-1.0013,1.0107
38,1,0,-1.0013,1.0107,0,1,1,-0.1013,1.0107
38,1,1,-0.1013,1.0107,1,0,-1,-1.0013,0.1107
39,0,0,-1.0013,0.1107,1,0,-1,-1.0013,0.1107
39,0,1,-1.0013,0.1107,0,1,1,-1.0013,1.0107
39,1,0,-1.0013,1.0107,0,1,1,-0.1013,1.0107
39,1,1,-0.1013,1.0107,1,0,-1,-1.0013,0.1107
40,0,0,-1.0013,0.1107,1,0,-1,-1.0013,0.1107
40,0,1,-1.0013,0.1107,0,1,1,-1.0013,1.0107
40,1,0,-1.0013,1.0107,0,1,1,-0.1013,1.0107
40,1,1,-0.1013,1.0107,1,0,-1,-1.0013,0.1107
41,0,0,-1.0013,0.1107,1,0,-1,-1.0013,0.1107
41,0,1,-1.0013,0.1107,0,1,1,-1.0013,1.0107
41,1,0,-1.0013,1.0107,0,1,1,-0.1013,1.0107
41,1,1,-0.1013,1.0107,1,0,-1,-1.0013,0.1107
42,0,0,-1.0013,0.1107,1,0,-1,-1.0013,0.1107
42,0,1,-1.0013,0.1107,0,1,1,-1.0013,1.0107
42,1,0,-1.0013,1.0107,0,1,1,-0.1013,1.0107
42,1,1,-0.1013,1.0107,1,0,-1,-1.0013,0.1107
43,0,0,-1.0013,0.1107,1,0,-1,-1.0013,0.1107
43,0,1,-1.0013,0.1107,0,1,1,-1.0013,1.0107
43,1,0,-1.0013,1.0107,0,1,1,-0.1013,1.0107
43,1,1,-0.1013,1.0107,1,0,-1,-1.0013,0.1107
44,0,0,-1.0013,0.1107,1,0,-1,-1.0013,0.1107
44,0,1,-1.0013,0.1107,0,1,1,-1.0013,1.0107
44,1,0,-1.0013,1.0107,0,1,1,-0.1013,1.0107
44,1,1,-0.1013,1.0107,1,0,-1,-1.0013,0.1107
45,0,0,-1.0013,0.1107,1,0,-1,-1.0013,0.1107
45,0,1,-1.0013,0.1107,0,1,1,-1.0013,1.0107
45,1,0,-1.0013,1.0107,0,1,1,-0.1013,1.0107
45,1,1,-0.1013,1.0107,1,0,-1,-1.0013,0.1107
46,0,0,-1.0013,0.1107,1,0,-1,-1.0013,0.1107
46,0,1,-1.0013,0.1107,0,1,1,-1.0013,1.0107
46,1,0,-1.0013,1.0107,0,1,1,-0.1013,1.0107
46,1,1,-0.1013,1.0107,1,0,-1,-1.0013,0.1107
47,0,0,-1.0013,0.1107,1,0,-1,-1.0013,0.1107
47,0,1,-1.0013,0.1107,0,1,1,-1.0013,1.0107
47,1,0,-1.0013,1.0107,0,1,1,-0.1013,1.0107
47,1,1,-0.1013,1.0107,1,0,-1,-1.0013,0.1107
48,0,0,-1.0013,0.1107,1,0,-1,-1.0013,0.1107
48,0,1,-1.0013,0.1107,0,1,1,-1.0013,1.0107
48,1,0,-1.0013,1.0107,0,1,1,-0.1013,1.0107
48,1,1,-0.1013,1.0107,1,0,-1,-1.0013,0.1107
49,0,0,-1.0013,0.1107,1,0,-1,-1.0013,0.1107
49,0,1,-1.0013,0.1107,0,1,1,-1.0013,1.0107
49,1,0,-1.0013,1.0107,0,1,1,-0.1013,1.0107
49,1,1,-0.1013,1.0107,1,0,-1,-1.0013,0.1107
50,0,0,-1.0013,0.1107,1,0,-1,-1.0013,0.1107
50,0,1,-1.0013,0.1107,0,1,1,-1.0013,1.0107
50,1,0,-1.0013,1.0107,0,1,1,-0.1013,1.0107
50,1,1,-0.1013,1.0107,1,0,-1,-1.0013,0.1107
51,0,0,-1.0013,0.1107,1,0,-1,-1.0013,0.1107
51,0,1,-1.0013,0.1107,0,1,1,-1.0013,1.0107
51,1,0,-1.0013,1.0107,0,1,1,-0.1013,1.0107
51,1,1,-0.1013,1.0107,1,0,-1,-1.0013,0.1107
52,0,0,-1.0013,0.1107,1,0,-1,-1.0013,0.1107
52,0,1,-1.0013,0.1107,0,1,1,-1.0013,1.0107
52,1,0,-1.0013,1.0107,0,1,1,-0.1013,1.0107
52,1,1,-0.1013,1.0107,1,0,-1,-1.0013,0.1107
53,0,0,-1.0013,0.1107,1,0,-1,-1.0013,0.1107
53,0,1,-1.0013,0.1107,0,1,1,-1.0013,1.0107
53,1,0,-1.0013,1.0107,0,1,1,-0.1013,1.0107
53,1,1,-0.1013,1.0107,1,0,-1,-1.0013,0.1107
54,0,0,-1.0013,0.1107,1,0,-1,-1.0013,0.1107
54,0,1,-1.0013,0.1107,0,1,1,-1.0013,1.0107
54,1,0,-1.0013,1.0107,0,1,1,-0.1013,1.0107
54,1,1,-0.1013,1.0107,1,0,-1,-1.0013,0.1107
55,0,0,-1.0013,0.1107,1,0,-1,-1.0013,0.1107
55,0,1,-1.0013,0.1107,0,1,1,-1.0013,1.0107
55,1,0,-1.0013,1.0107,0,1,1,-0.1013,1.0107
55,1,1,-0.1013,1.0107,1,0,-1,-1.0013,0.1107
56,0,0,-1.0013,0.1107,1,0,-1,-1.0013,0.1107
56,0,1,-1.0013,0.1107,0,1,1,-1.0013,1.0107
56,1,0,-1.0013,1.0107,0,1,1,-0.1013,1.0107
56,1,1,-0.1013,1.0107,1,0,-1,-1.0013,0.1107
57,0,0,-1.0013,0.1107,1,0,-1,-1.0013,0.1107
57,0,1,-1.0013,0.1107,0,1,1,-1.0013,1.0107
57,1,0,-1.0013,1.0107,0,1,1,-0.1013,1.0107
57,1,1,-0.1013,1.0107,1,0,-1,-1.0013,0.1107
58,0,0,-1.0013,0.1107,1,0,-1,-1.0013,0.1107
58,0,1,-1.0013,0.1107,0,1,1,-1.0013,1.0107
58,1,0,-1.0013,1.0107,0,1,1,-0.1013,1.0107
58,1,1,-0.1013,1.0107,1,0,-1,-1.0013,0.1107
59,0,0,-1.0013,0.1107,1,0,-1,-1.0013,0.1107
59,0,1,-1.0013,0.1107,0,1,1,-1.0013,1.0107
59,1,0,-1.0013,1.0107,0,1,1,-0.1013,1.0107
59,1,1,-0.1013,1.0107,1,0,-1,-1.0013,0.1107
60,0,0,-1.0013,0.1107,1,0,-1,-1.0013,0.1107
60,0,1,-1.0013,0.1107,0,1,1,-1.0013,1.0107
60,1,0,-1.0013,1.0107,0,1,1,-0.1013,1.0107
60,1,1,-0.1013,1.0107,1,0,-1,-1.0013,0.1107
61,0,0,-1.0013,0.1107,1,0,-1,-1.0013,0.1107
61,0,1,-1.0013,0.1107,0,1,1,-1.0013,1.0107
61,1,0,-1.0013,1.0107,0,1,1,-0.1013,1.0107
61,1,1,-0.1013,1.0107,1,0,-1,-1.0013,0.1107
62,0,0,-1.0013,0.1107,1,0,-1,-1.0013,0.1107
62,0,1,-1.0013,0.1107,0,1,1,-1.0013,1.0107
62,1,0,-1.0013,1.0107,0,1,1,-0.1013,1.0107
62,1,1,-0.1013,1.0107,1,0,-1,-1.0013,0.1107
63,0,0,-1.0013,0.1107,1,0,-1,-1.0013,0.1107
63,0,1,-1.0013,0.1107,0,1,1,-1.0013,1.0107
63,1,0,-1.0013,1.0107,0,1,1,-0.1013,1.0107
63,1,1,-0.1013,1.0107,1,0,-1,-1.0013,0.1107
64,0,0,-1.0013,0.1107,1,0,-1,-1.0013,0.1107
64,0,1,-1.0013,0.1107,0,1,1,-1.0013,1.0107
64,1,0,-1.0013,1.0107,0,1,1,-0.1013,1.0107
64,1,1,-0.1013,1.0107,1,0,-1,-1.0013,0.1107
65,0,0,-1.0013,0.1107,1,0,-1,-1.0013,0.1107
65,0,1,-1.0013,0.1107,0,1,1,-1.0013,1.0107
65,1,0,-1.0013,1.0107,0,1,1,-0.1013,1.0107
65,1,1,-0.1013,1.0107,1,0,-1,-1.0013,0.1107
66,0,0,-1.0013,0.1107,1,0,-1,-1.0013,0.1107
66,0,1,-1.0013,0.1107,0,1,1,-1.0013,1.0107
66,1,0,-1.0013,1.0107,0,1,1,-0.1013,1.0107
66,1,1,-0.1013,1.0107,1,0,-1,-1.0013,0.1107
67,0,0,-1.0013,0.1107,1,0,-1,-1.0013,0.1107
67,0,1,-1.0013,0.1107,0,1,1,-1.0013,1.0107
67,1,0,-1.0013,1.0107,0,1,1,-0.1013,1.0107
67,1,1,-0.1013,1.0107,1,0,-1,-1.0013,0.1107
68,0,0,-1.0013,0.1107,1,0,-1,-1.0013,0.1107
68,0,1,-1.0013,0.1107,0,1,1,-1.0013,1.0107
68,1,0,-1.0013,1.0107,0,1,1,-0.1013,1.0107
68,1,1,-0.1013,1.0107,1,0,-1,-1.0013,0.1107
69,0,0,-1.0013,0.1107,1,0,-1,-1.0013,0.1107
69,0,1,-1.0013,0.1107,0,1,1,-1.0013,1.0107
69,1,0,-1.0013,1.0107,0,1,1,-0.1013,1.0107
69,1,1,-0.1013,1.0107,1,0,-1,-1.0013,0.1107
70,0,0,-1.0013,0.1107,1,0,-1,-1.0013,0.1107
70,0,1,-1.0013,0.1107,0,1,1,-1.0013,1.0107
70,1,0,-1.0013,1.0107,0,1,1,-0.1013,1.0107
70,1,1,-0.1013,1.0107,1,0,-1,-1.0013,0.1107
71,0,0,-1.0013,0.1107,1,0,-1,-1.0013,0.1107
71,0,1,-1.0013,0.1107,0,1,1,-1.0013,1.0107
71,1,0,-1.0013,1.0107,0,1,1,-0.1013,1.0107
71,1,1,-0.1013,1.0107,1,0,-1,-1.0013,0.1107
72,0,0,-1.0013,0.1107,1,0,-1,-1.0013,0.1107
72,0,1,-1.0013,0.1107,0,1,1,-1.0013,1.0107
72,1,0,-1.0013,1.0107,0,1,1,-0.1013,1.0107
72,1,1,-0.1013,1.0107,1,0,-1,-1.0013,0.1107
73,0,0,-1.0013,0.1107,1,0,-1,-1.0013,0.1107
73,0,1,-1.0013,0.1107,0,1,1,-1.0013,1.0107
73,1,0,-1.0013,1.0107,0,1,1,-0.1013,1.0107
73,1,1,-0.1013,1.0107,1,0,-1,-1.0013,0.1107
74,0,0,-1.0013,0.1107,1,0,-1,-1.0013,0.1107
74,0,1,-1.0013,0.1107,0,1,1,-1.0013,1.0107
74,1,0,-1.0013,1.0107,0,1,1,-0.1013,1.0107
74,1,1,-0.1013,1.0107,1,0,-1,-1.0013,0.1107
75,0,0,-1.0013,0.1107,1,0,-1,-1.0013,0.1107
75,0,1,-1.0013,0.1107,0,1,1,-1.0013,1.0107
75,1,0,-1.0013,1.0107,0,1,1,-0.1013,1.0107
75,1,1,-0.1013,1.0107,1,0,-1,-1.0013,0.1107
76,0,0,-1.0013,0.1107,1,0,-1,-1.0013,0.1107
76,0,1,-1.0013,0.1107,0,1,1,-1.0013,1.0107
76,1,0,-1.0013,1.0107,0,1,1,-0.1013,1.0107
76,1,1,-0.1013,1.0107,1,0,-1,-1.0013,0.1107
77,0,0,-1.0013,0.1107,1,0,-1,-1.0013,0.1107
77,0,1,-1.0013,0.1107,0,1,1,-1.0013,1.0107
77,1,0,-1.0013,1.0107,0,1,1,-0.1013,1.0107
77,1,1,-0.1013,1.0107,1,0,-1,-1.0013,0.1107
78,0,0,-1.0013,0.1107,1,0,-1,-1.0013,0.1107
78,0,1,-1.0013,0.1107,0,1,1,-1.0013,1.0107
78,1,0,-1.0013,1.0107,0,1,1,-0.1013,1.0107
78,1,1,-0.1013,1.0107,1,0,-1,-1.0013,0.1107
79,0,0,-1.0013,0.1107,1,0,-1,-1.0013,0.1107
79,0,1,-1.0013,0.1107,0,1,1,-1.0013,1.0107
79,1,0,-1.0013,1.0107,0,1,1,-0.1013,1.0107
79,1,1,-0.1013,1.0107,1,0,-1,-1.0013,0.1107
80,0,0,-1.0013,0.1107,1,0,-1,-1.0013,0.1107
80,0,1,-1.0013,0.1107,0,1,1,-1.0013,1.0107
80,1,0,-1.0013,1.0107,0,1,1,-0.1013,1.0107
80,1,1,-0.1013,1.0107,1,0,-1,-1.0013,0.1107
81,0,0,-1.0013,0.1107,1,0,-1,-1.0013,0.1107
81,0,1,-1.0013,0.1107,0,1,1,-1.0013,1.0107
81,1,0,-1.0013,1.0107,0,1,1,-0.1013,1.0107
81,1,1,-0.1013,1.0107,1,0,-1,-1.0013,0.1107
82,0,0,-1.0013,0.1107,1,0,-1,-1.0013,0.1107
82,0,1,-1.0013,0.1107,0,1,1,-1.0013,1.0107
82,1,0,-1.0013,1.0107,0,1,1,-0.1013,1.0107
82,1,1,-0.1013,1.0107,1,0,-1,-1.0013,0.1107
83,0,0,-1.0013,0.1107,1,0,-1,-1.0013,0.1107
83,0,1,-1.0013,0.1107,0,1,1,-1.0013,1.0107
83,1,0,-1.0013,1.0107,0,1,1,-0.1013,1.0107
83,1,1,-0.1013,1.0107,1,0,-1,-1.0013,0.1107
84,0,0,-1.0013,0.1107,1,0,-1,-1.0013,0.1107
84,0,1,-1.0013,0.1107,0,1,1,-1.0013,1.0107
84,1,0,-1.0013,1.0107,0,1,1,-0.1013,1.0107
84,1,1,-0.1013,1.0107,1,0,-1,-1.0013,0.1107
85,0,0,-1.0013,0.1107,1,0,-1,-1.0013,0.1107
85,0,1,-1.0013,0.1107,0,1,1,-1.0013,1.0107
85,1,0,-1.0013,1.0107,0,1,1,-0.1013,1.0107
85,1,1,-0.1013,1.0107,1,0,-1,-1.0013,0.1107
86,0,0,-1.0013,0.1107,1,0,-1,-1.0013,0.1107
86,0,1,-1.0013,0.1107,0,1,1,-1.0013,1.0107
86,1,0,-1.0013,1.0107,0,1,1,-0.1013,1.0107
86,1,1,-0.1013,1.0107,1,0,-1,-1.0013,0.1107
87,0,0,-1.0013,0.1107,1,0,-1,-1.0013,0.1107
87,0,1,-1.0013,0.1107,0,1,1,-1.0013,1.0107
87,1,0,-1.0013,1.0107,0,1,1,-0.1013,1.0107
87,1,1,-0.1013,1.0107,1,0,-1,-1.0013,0.1107
88,0,0,-1.0013,0.1107,1,0,-1,-1.0013,0.1107
88,0,1,-1.0013,0.1107,0,1,1,-1.0013,1.0107
88,1,0,-1.0013,1.0107,0,1,1,-0.1013,1.0107
88,1,1,-0.1013,1.0107,1,0,-1,-1.0013,0.1107
89,0,0,-1.0013,0.1107,1,0,-1,-1.0013,0.1107
89,0,1,-1.0013,0.1107,0,1,1,-1.0013,1.0107
89,1,0,-1.0013,1.0107,0,1,1,-0.1013,1.0107
89,1,1,-0.1013,1.0107,1,0,-1,-1.0013,0.1107
90,0,0,-1.0013,0.1107,1,0,-1,-1.0013,0.1107
90,0,1,-1.0013,0.1107,0,1,1,-1.0013,1.0107
90,1,0,-1.0013,1.0107,0,1,1,-0.1013,1.0107
90,1,1,-0.1013,1.0107,1,0,-1,-1.0013,0.1107
91,0,0,-1.0013,0.1107,1,0,-1,-1.0013,0.1107
91,0,1,-1.0013,0.1107,0,1,1,-1.0013,1.0107
91,1,0,-1.0013,1.0107,0,1,1,-0.1013,1.0107
91,1,1,-0.1013,1.0107,1,0,-1,-1.0013,0.1107
92,0,0,-1.0013,0.1107,1,0,-1,-1.0013,0.1107
92,0,1,-1.0013,0.1107,0,1,1,-1.0013,1.0107
92,1,0,-1.0013,1.0107,0,1,1,-0.1013,1.0107
92,1,1,-0.1013,1.0107,1,0,-1,-1.0013,0.1107
93,0,0,-1.0013,0.1107,1,0,-1,-1.0013,0.1107
93,0,1,-1.0013,0.1107,0,1,1,-1.0013,1.0107
93,1,0,-1.0013,1.0107,0,1,1,-0.1013,1.0107
93,1,1,-0.1013,1.0107,1,0,-1,-1.0013,0.1107
94,0,0,-1.0013,0.1107,1,0,-1,-1.0013,0.1107
94,0,1,-1.0013,0.1107,0,1,1,-1.0013,1.0107
94,1,0,-1.0013,1.0107,0,1,1,-0.1013,1.0107
94,1,1,-0.1013,1.0107,1,0,-1,-1.0013,0.1107
95,0,0,-1.0013,0.1107,1,0,-1,-1.0013,0.1107
95,0,1,-1.0013,0.1107,0,1,1,-1.0013,1.0107
95,1,0,-1.0013,1.0107,0,1,1,-0.1013,1.0107
95,1,1,-0.1013,1.0107,1,0,-1,-1.0013,0.1107
96,0,0,-1.0013,0.1107,1,0,-1,-1.0013,0.1107
96,0,1,-1.0013,0.1107,0,1,1,-1.0013,1.0107
96,1,0,-1.0013,1.0107,0,1,1,-0.1013,1.0107
96,1,1,-0.1013,1.0107,1,0,-1,-1.0013,0.1107
97,0,0,-1.0013,0.1107,1,0,-1,-1.0013,0.1107
97,0,1,-1.0013,0.1107,0,1,1,-1.0013,1.0107
97,1,0,-1.0013,1.0107,0,1,1,-0.1013,1.0107
97,1,1,-0.1013,1.0107,1,0,-1,-1.0013,0.1107
98,0,0,-1.0013,0.1107,1,0,-1,-1.0013,0.1107
98,0,1,-1.0013,0.1107,0,1,1,-1.0013,1.0107
98,1,0,-1.0013,1.0107,0,1,1,-0.1013,1.0107
98,1,1,-0.1013,1.0107,1,0,-1,-1.0013,0.1107
99,0,0,-1.0013,0.1107,1,0,-1,-1.0013,0.1107
99,0,1,-1.0013,0.1107,0,1,1,-1.0013,1.0107
99,1,0,-1.0013,1.0107,0,1,1,-0.1013,1.0107
99,1,1,-0.1013,1.0107,1,0,-1,-1.0013,0.1107
100,0,0,-1.0013,0.1107,1,0,-1,-1.0013,0.1107
100,0,1,-1.0013,0.1107,0,1,1,-1.0013,1.0107
100,1,0,-1.0013,1.0107,0,1,1,-0.1013,1.0107
100,1,1,-0.1013,1.0107,1,0,-1,-1.0013,0.1107
